text,label
Hi there,greeting
Hello,greeting
Good morning,greeting
Hey,greeting
Hi requirement bot,greeting
Are you there,greeting
Good evening,greeting
Hello there,greeting
Greetings,greeting
Good day,greeting
Hey there,greeting
What's up,greeting
Hi,greeting
Hello requirement bot,greeting
Is anyone home,greeting
Good afternoon,greeting
Howdy,greeting
Welcome,greeting
Getting started here,greeting
Hello assistant,greeting
Start new conversation,greeting
Hi bot,greeting
Can you help me,greeting
Hey bot,greeting
Hello everyone,greeting
Good morning sir,greeting
Hi assistant,greeting
Konnichiwa,greeting
Salutations,greeting
Good to see you,greeting
Let's begin,greeting
Ready to start,greeting
Opening chat,greeting
Connect me please,greeting
Available,greeting
Hello team,greeting
Morning,greeting
Evening,greeting
Good to talk,greeting
Reached you,greeting
Here now,greeting
Starting session,greeting
Calling you,greeting
Hi buddy,greeting
Nice to meet you,greeting
First time here,greeting
Saying hello,greeting
Got your attention,greeting
Let's go,greeting
I want to build a hotel management system,system_setup
We are creating a library app,system_setup
Design a ticket booking platform,system_setup
Build me a restaurant reservation system,system_setup
My project is an inventory tracker,system_setup
Create a dashboard for dentists,system_setup
We need to make an e-commerce website,system_setup
I am designing a fitness tracking application,system_setup
Let's build a social media platform,system_setup
Develop a project management tool,system_setup
I want to create a student management system,system_setup
Design a mobile app for food delivery,system_setup
Build a hospital management system,system_setup
We are making a financial tracking app,system_setup
Create a real estate listing platform,system_setup
Develop a chat application,system_setup
I need to build an appointment scheduling system,system_setup
Design a banking application,system_setup
Build a weather monitoring system,system_setup
Create a music streaming service,system_setup
We want to make a subscription management system,system_setup
Design an online learning platform,system_setup
Build a travel booking system,system_setup
Develop a customer feedback system,system_setup
Create an asset management application,system_setup
I am building a blog platform,system_setup
Design a parking management system,system_setup
Build an IoT dashboard,system_setup
We are creating a CRM system,system_setup
Make a document collaboration tool,system_setup
Design a video conferencing app,system_setup
Build a supply chain management system,system_setup
Create an employee directory system,system_setup
We need a time tracking application,system_setup
Develop a fitness studio booking app,system_setup
Design a warehouse management system,system_setup
Build a complaint resolution system,system_setup
Create a vehicle tracking application,system_setup
Make an online marketplace,system_setup
Design a school management system,system_setup
I want to build a news aggregator app,system_setup
Build an emergency response system,system_setup
Create a legal document management app,system_setup
We are making a gaming leaderboard system,system_setup
Design a property maintenance app,system_setup
Build a survey and polling platform,system_setup
Develop a bug tracking system,system_setup
Create a backup and recovery solution,system_setup
Make a meditation app,system_setup
The user must login with email and password,requirement
It needs to export PDF reports,requirement
The background color should be blue,requirement
Admin can delete users,requirement
Fast response time is required,requirement
The system should support multiple languages,requirement
Users need to upload profile pictures,requirement
Data must be encrypted,requirement
The dashboard should display real-time statistics,requirement
Mobile responsiveness is essential,requirement
The app should work offline,requirement
Search functionality must be available,requirement
Users can share documents,requirement
The button should change color on hover,requirement
Reports should be downloadable in CSV format,requirement
The database needs indexing for performance,requirement
Two-factor authentication is mandatory,requirement
The interface should be dark mode compatible,requirement
Users must receive email notifications,requirement
The system needs to handle 10000 concurrent users,requirement
Pagination should be implemented,requirement
The homepage needs a hero section,requirement
Users should be able to filter results,requirement
The API response time must be under 200ms,requirement
A help section is required,requirement
Users can export their data,requirement
The password must be at least 12 characters,requirement
Session timeout after 15 minutes of inactivity,requirement
The screen should show loading indicators,requirement
Users need an undo feature,requirement
The system should log all transactions,requirement
Backup should run every hour,requirement
Users should receive SMS alerts,requirement
The interface needs keyboard navigation support,requirement
Roles and permissions must be implemented,requirement
Users can customize their dashboard,requirement
The system should validate email addresses,requirement
A user manual should be provided,requirement
The feature must support file uploads up to 100MB,requirement
Users need to reset their passwords,requirement
The button text should be clear and actionable,requirement
The system requires GDPR compliance,requirement
Users can set privacy preferences,requirement
The application needs version control,requirement
Auto-save functionality is needed,requirement
The screen should display error messages clearly,requirement
Users must confirm actions with a popup,requirement
Stop,reset_thread
Start over,reset_thread
Clear context,reset_thread
Reset the conversation,reset_thread
I made a mistake,reset_thread
Let's begin again,reset_thread
Cancel everything,reset_thread
Restart,reset_thread
Begin fresh,reset_thread
Erase the previous information,reset_thread
New session,reset_thread
Back to the start,reset_thread
Clear my inputs,reset_thread
Remove all data,reset_thread
Discard changes,reset_thread
Undo everything,reset_thread
Reset system,reset_thread
Wipe slate clean,reset_thread
Start from scratch,reset_thread
Abort mission,reset_thread
Clear the board,reset_thread
Flush memory,reset_thread
Let me start over,reset_thread
Delete my previous requirements,reset_thread
Scratch that,reset_thread
Never mind the last part,reset_thread
Forget it,reset_thread
Go back to beginning,reset_thread
Clear all requirements,reset_thread
New project,reset_thread
Remove everything,reset_thread
Rewind,reset_thread
Cancel the process,reset_thread
End current session,reset_thread
Terminate,reset_thread
Close and reset,reset_thread
Fresh start please,reset_thread
Ignore my last inputs,reset_thread
Clean slate,reset_thread
Back to square one,reset_thread
Let's go back,reset_thread
Reboot,reset_thread
Reset all settings,reset_thread
How are you,chitchat
What is the weather today,chitchat
Tell me a joke,chitchat
You are a robot,chitchat
I am hungry,chitchat
What is your name,chitchat
Do you have feelings,chitchat
Can robots think,chitchat
What time is it,chitchat
Is it raining outside,chitchat
Who created you,chitchat
Are you human,chitchat
What is your favorite color,chitchat
Do you sleep,chitchat
Can you cook,chitchat
Tell me a story,chitchat
What is the capital of France,chitchat
Do you like pizza,chitchat
How old are you,chitchat
What is 2 plus 2,chitchat
Can you sing,chitchat
Do you have a family,chitchat
What is your hobby,chitchat
Where do you live,chitchat
Do you drink water,chitchat
Can machines feel emotions,chitchat
What is your IQ,chitchat
Tell me something interesting,chitchat
Do you watch movies,chitchat
What is your dream,chitchat
Are you lonely,chitchat
Can you play games,chitchat
What is your favorite book,chitchat
Do you exercise,chitchat
Can you dance,chitchat
What is the meaning of life,chitchat
Do you believe in aliens,chitchat
What is your favorite food,chitchat
Tell me about yourself,chitchat
How do you spend your day,chitchat
What makes you happy,chitchat
Do you have friends,chitchat
Can you drive,chitchat
What is your biggest fear,chitchat
Do you travel,chitchat
Tell me something funny,chitchat
What is your life goal,chitchat
The system must allow users to log out,requirement
This system should be secure against SQL injection,requirement
Update the system every night at midnight,requirement
The system needs to connect to the internet,requirement
The application must support offline mode,requirement
This system requires a backup every hour,requirement
The platform should allow social media logins,requirement
Users need to search within the system,requirement
The software must run on Windows and Mac,requirement
The system shall generate invoices automatically,requirement
This app needs to track user location,requirement
The system requires two-factor authentication,requirement
Ensure the system loads within 3 seconds,requirement
The project must follow GDPR compliance,requirement
This system should integrate with PayPal,requirement
The application needs a dark mode toggle,requirement
Users must be able to reset the system password,requirement
The system will send email notifications,requirement
This platform needs to handle 500 concurrent users,requirement
The software should prevent unauthorized access,requirement
The system must have an admin dashboard,requirement
This app should filter results by date,requirement
The system needs to export data to Excel,requirement
Make sure the system is responsive on mobile,requirement
The application must log all errors to a file,requirement
This system requires an audit trail,requirement
The platform should support multiple languages,requirement
The system needs to calculate tax automatically,requirement
Users must be able to delete their system account,requirement
The software shall allow drag and drop,requirement
This system should display a progress bar,requirement
The application needs to sync with the cloud,requirement
The system must validate all user inputs,requirement
This app requires access to the camera,requirement
The platform should allow role-based access,requirement
The system needs to archive old records,requirement
Users must be able to customize the system layout,requirement
The software should support voice commands,requirement
This system needs to encrypt sensitive data,requirement
The application must allow file uploads,requirement
The system shall provide a help section,requirement
This app needs to work on low bandwidth,requirement
The platform should integrate with Google Maps,requirement
The system must limit login attempts,requirement
This project requires a search history feature,requirement
The software needs to print receipts,requirement
The system should flag suspicious activity,requirement
Users must accept terms before using the system,requirement
The application needs to sort lists alphabetically,requirement
This system must support recurring payments,requirement
Hey there! I'm happy to connect with you,greeting
Good morning! Ready to assist you,greeting
Hello! Wonderful to see you here,greeting
Hi! Thanks for reaching out to me,greeting
Greetings! I'm delighted you stopped by,greeting
Hey! Let's get this conversation started,greeting
Good day to you! I'm here to help,greeting
Welcome aboard! Excited to work with you,greeting
Hello! It's great hearing from you today,greeting
Hi there! How can I assist you right now,greeting
Good afternoon! Thanks for connecting with me,greeting
Hey! Thrilled to see you've arrived,greeting
Salutations! I'm at your service,greeting
Hello everyone! Ready to collaborate,greeting
Hi! Wonderful to meet you here,greeting
Good evening! Glad you found your way here,greeting
Welcome! I'm prepared to support you,greeting
Hey! It's a pleasure to see you,greeting
Good morning! Let's begin our journey together,greeting
Hi! Thanks for choosing to chat with me,greeting
Greetings friend! Excited to help you out,greeting
Hello! I'm here and ready to assist,greeting
Hey there! What brings you here today,greeting
Good to see you! Ready when you are,greeting
Welcome! I'm thrilled to work with you,greeting
Hi! It's wonderful connecting with you,greeting
Hello! Delighted to have you here,greeting
Good day! I'm prepared to help you,greeting
Hey! Really glad you reached out,greeting
Welcome aboard! Let's get started,greeting
Hi there! Thanks for stopping by,greeting
Good afternoon! Ready to support you,greeting
Hello! I'm excited to assist you,greeting
Hey! Wonderful to see you connected,greeting
Greetings! I'm available to help,greeting
Welcome! Thrilled you're here,greeting
Hi! Great to have you join,greeting
Good morning! Let's work together,greeting
Hello! I'm here to support your needs,greeting
Hey! Thanks for connecting with me,greeting
Good evening! Ready to assist,greeting
Welcome! Let's begin our conversation,greeting
Hi! Excited to meet you,greeting
Hello! It's a pleasure serving you,greeting
Good day! I'm here to help you out,greeting
Hey there! Glad you stopped by,greeting
Welcome! I'm available to assist,greeting
Hi! Thanks for reaching out,greeting
Hello! Ready to support you,greeting
Good morning! Let's get going,greeting
Hey! Welcome to our chat,greeting
I want to build a comprehensive hotel management system with multiple features,system_setup
We are creating a sophisticated library app that manages books and members,system_setup
Design a customer feedback dashboard for restaurant operations,system_setup
Build me a fully functional restaurant reservation system for online bookings,system_setup
My project is an intelligent inventory tracker for warehouse operations,system_setup
Create a professional dental clinic management dashboard,system_setup
We need to make an e-commerce website for selling handmade crafts,system_setup
I am designing a comprehensive fitness tracking application with workout logs,system_setup
Let's build a social media platform for professional networking,system_setup
Develop a project management tool with task tracking capabilities,system_setup
I want to create a complete student management system for colleges,system_setup
Design a mobile app for food delivery with restaurant integration,system_setup
Build a hospital management system for patient records and appointments,system_setup
We are making a personal financial tracking app with budget planning,system_setup
Create a real estate listing platform for property searches,system_setup
Develop a real-time chat application with group messaging,system_setup
I need to build an appointment scheduling system for salons,system_setup
Design a secure banking application for transactions,system_setup
Build a weather monitoring system with alerts and forecasts,system_setup
Create a music streaming service with playlist management,system_setup
We want to make a subscription management system for SaaS products,system_setup
Design an online learning platform with course management,system_setup
Build a travel booking system for flights and hotels,system_setup
Develop a customer feedback system with analytics,system_setup
Create an asset management application for tracking equipment,system_setup
I am building a blog platform with content management,system_setup
Design a parking management system for urban areas,system_setup
Build an IoT dashboard for device monitoring,system_setup
We are creating a CRM system for sales management,system_setup
Make a document collaboration tool similar to Google Docs,system_setup
Design a video conferencing app with screen sharing,system_setup
Build a supply chain management system for logistics,system_setup
Create an employee directory system with org charts,system_setup
We need a time tracking application for freelancers,system_setup
Develop a fitness studio booking app for class reservations,system_setup
Design a warehouse management system for inventory control,system_setup
Build a complaint resolution system with ticket tracking,system_setup
Create a vehicle tracking application for fleet management,system_setup
Make an online marketplace platform for multiple sellers,system_setup
Design a school management system with attendance tracking,system_setup
I want to build a news aggregator app with personalized feeds,system_setup
Build an emergency response system for disaster management,system_setup
Create a legal document management app with version control,system_setup
We are making a gaming leaderboard system for multiplayer games,system_setup
Design a property maintenance app for facility management,system_setup
Build a survey and polling platform for data collection,system_setup
Develop a bug tracking system for software development,system_setup
Create a backup and recovery solution for data protection,system_setup
Make a meditation app with guided exercises,system_setup
Develop a comprehensive HR management system with payroll integration,system_setup
The user must be able to login with email and password credentials,requirement
The system needs to export all reports in PDF and Excel formats,requirement
The background color should be customizable to dark blue or light blue,requirement
Admin users can delete or deactivate any user account,requirement
Fast response time is required for all API endpoints,requirement
The system should support multiple languages including English and Spanish,requirement
Users need to upload and store profile pictures in JPEG format,requirement
All sensitive data must be encrypted using AES-256 encryption,requirement
The dashboard should display real-time statistics and metrics,requirement
Mobile responsiveness is essential for tablet and smartphone devices,requirement
The app should work in offline mode with local data sync,requirement
Search functionality must be available across all main sections,requirement
Users can share documents with specific team members,requirement
The button should change color and display a hover effect,requirement
Reports should be downloadable in both CSV and JSON formats,requirement
The database needs proper indexing for optimal performance,requirement
Two-factor authentication is mandatory for all user accounts,requirement
The interface should support dark mode compatible design,requirement
Users must receive email notifications for important events,requirement
The system needs to handle at least 10000 concurrent users,requirement
Pagination should be implemented with 20 items per page,requirement
The homepage needs a prominent hero section with call-to-action,requirement
Users should be able to filter results by multiple criteria,requirement
The API response time must be under 200 milliseconds,requirement
A comprehensive help section with FAQs is required,requirement
Users can export their personal data in CSV format,requirement
The password must be at least 12 characters long,requirement
Session timeout should occur after 15 minutes of inactivity,requirement
The screen should show loading indicators for long operations,requirement
Users need an undo feature for accidental changes,requirement
The system should log all transactions for audit purposes,requirement
Backup should run automatically every hour,requirement
Users should receive SMS alerts for critical notifications,requirement
The interface needs keyboard navigation support for accessibility,requirement
Roles and permissions must be implemented with role-based access control,requirement
Users can customize their dashboard layout and widgets,requirement
The system should validate email addresses in real-time,requirement
A detailed user manual and video tutorials should be provided,requirement
The feature must support file uploads up to 100MB,requirement
Users need the ability to reset their passwords via email,requirement
The button text should be clear and action-oriented,requirement
The system requires full GDPR compliance and data privacy,requirement
Users can set privacy preferences for their profile,requirement
The application needs version control for all changes,requirement
Auto-save functionality is needed to prevent data loss,requirement
The screen should display error messages clearly to users,requirement
Users must confirm actions with a confirmation popup,requirement
How are you feeling today,chitchat
What will the weather be like tomorrow,chitchat
Can you tell me a funny joke,chitchat
You are definitely a robot aren't you,chitchat
I'm really hungry right now,chitchat
What is your actual name and purpose,chitchat
Do you have any feelings or emotions,chitchat
Can machines think and reason like humans,chitchat
What time is it in your timezone,chitchat
Is it raining outside in your area,chitchat
Who actually created and built you,chitchat
Are you human or artificial intelligence,chitchat
What is your personal favorite color,chitchat
Do you ever need to sleep,chitchat
Are you able to cook meals,chitchat
Can you tell me an interesting story,chitchat
What is the capital city of France,chitchat
Do you enjoy eating pizza,chitchat
How old are you exactly,chitchat
What does two plus two equal,chitchat
Are you able to sing well,chitchat
Do you have a family or relatives,chitchat
What are your personal hobbies,chitchat
Where in the world do you live,chitchat
Do you drink water regularly,chitchat
Can artificial machines feel emotions,chitchat
What is your intelligence quotient score,chitchat
Tell me something really interesting,chitchat
Do you like watching movies,chitchat
What is your biggest life dream,chitchat
Do you ever feel lonely,chitchat
Can you play chess or card games,chitchat
What is your favorite book,chitchat
Do you exercise and stay fit,chitchat
Can you dance to music,chitchat
What do you think is the meaning of life,chitchat
Do you believe aliens exist,chitchat
What is your favorite type of food,chitchat
Tell me about yourself and your background,chitchat
How do you spend your typical day,chitchat
What makes you happy and content,chitchat
Do you have friends or companions,chitchat
Can you operate or drive vehicles,chitchat
What is your biggest fear or phobia,chitchat
Do you like to travel around,chitchat
Tell me something funny and amusing,chitchat
What are your goals for the future,chitchat
Stop the current process immediately,reset_thread
Start over from the very beginning,reset_thread
Clear all my previous context and inputs,reset_thread
Reset this conversation and begin fresh,reset_thread
I made a mistake let's start over,reset_thread
Let's begin this process again from scratch,reset_thread
Cancel everything we've discussed so far,reset_thread
Restart the entire conversation please,reset_thread
Begin with a completely fresh start,reset_thread
Erase all the previous information you have,reset_thread
I need to start a new session,reset_thread
Go back to the very start of the conversation,reset_thread
Clear all of my inputs from memory,reset_thread
Remove all data related to this conversation,reset_thread
Discard all my changes and inputs,reset_thread
Undo absolutely everything we've done,reset_thread
Reset the entire system please,reset_thread
Wipe the slate completely clean,reset_thread
Forget everything I've said so far,reset_thread
Start completely from scratch again,reset_thread
Abort this mission entirely,reset_thread
Clear the entire board of information,reset_thread
Flush all memory from the system,reset_thread
I want to start over completely,reset_thread
Delete all my previous requirements listed,reset_thread
Scratch that and begin again,reset_thread
Never mind everything I said before,reset_thread
Forget all of that previous information,reset_thread
Go back to the absolute beginning,reset_thread
Clear all requirements from the system,reset_thread
I want to start a completely new project,reset_thread
Remove absolutely everything please,reset_thread
Rewind to the start of the conversation,reset_thread
Cancel this entire process now,reset_thread
End the current session and reset,reset_thread
Terminate everything we've been doing,reset_thread
Close and reset all settings,reset_thread
I need a completely fresh start please,reset_thread
Ignore absolutely everything I just said,reset_thread
Give me a completely clean slate,reset_thread
Back to square one please,reset_thread
Let's go back to where we started,reset_thread
Reboot the entire system now,reset_thread
Reset all of my settings,reset_thread
That is all I want,finish_gathering
I am done,finish_gathering
Finished,finish_gathering
That's it,finish_gathering
No more requirements,finish_gathering
I have nothing else to add,finish_gathering
We are finished,finish_gathering
That is everything,finish_gathering
Complete,finish_gathering
Wrap it up,finish_gathering
Done for now,finish_gathering
This concludes the requirements,finish_gathering
I'm finished listing them,finish_gathering
That's the last one,finish_gathering
No further additions,finish_gathering
We can stop here,finish_gathering
Finalize the list,finish_gathering
Save and exit,finish_gathering
That covers everything,finish_gathering
I think that is all,finish_gathering
Nothing more to add,finish_gathering
Lets wrap up,finish_gathering
I am satisfied with this list,finish_gathering
End of requirements,finish_gathering
List complete,finish_gathering
That sums it up,finish_gathering
I'm all set,finish_gathering
Good to go,finish_gathering
Stop adding requirements,finish_gathering
That's the full scope,finish_gathering
Requirements gathering complete,finish_gathering
I have listed everything,finish_gathering
Let's proceed to the next step,finish_gathering
Submit these requirements,finish_gathering
I believe I have covered all the requirements for this project,finish_gathering
All the necessary requirements have been documented,finish_gathering
I think we have gathered everything we need for the system,finish_gathering
Let's move forward with what we have documented,finish_gathering
I have finished listing all the features needed,finish_gathering
We should proceed to the next phase of development,finish_gathering
All requirements have been captured and documented,finish_gathering
I'm ready to hand over the requirements document,finish_gathering
Let's submit this requirements specification,finish_gathering
I have compiled all the necessary information,finish_gathering
Time to move to the design phase with these requirements,finish_gathering
All the details about the system have been provided,finish_gathering
Let's finalize these requirements and move ahead,finish_gathering
I have given you all the constraints and features needed,finish_gathering
Ready to proceed with development based on these requirements,finish_gathering
All functional and non-functional requirements are listed,finish_gathering
Let's close out the requirements gathering phase,finish_gathering
I have specified everything the system should do,finish_gathering
Time to pass these requirements to the development team,finish_gathering
Complete list of features and constraints documented,finish_gathering
Let's wrap up requirements gathering now,finish_gathering
I have detailed all the user stories needed,finish_gathering
All requirements are finalized and ready,finish_gathering
Let's move to the next stage with documented requirements,finish_gathering
I have captured all system specifications,finish_gathering
Ready to begin development with these requirements,finish_gathering
All features and constraints have been specified,finish_gathering
Let's proceed with building the system based on these specs,finish_gathering
I think the requirements are comprehensive now,finish_gathering
Time to transition from gathering to implementation,finish_gathering
All necessary details have been documented,finish_gathering
Let's submit the finalized requirements list,finish_gathering
I have provided all the information needed,finish_gathering
Ready to hand over to the development team,finish_gathering
All requirements and specifications are complete,finish_gathering
Let's move forward with the documented specifications,finish_gathering
I have detailed every aspect of the system,finish_gathering
Time to finalize and proceed with development,finish_gathering
All user needs and system features are listed,finish_gathering
Let's close the requirements phase,finish_gathering
I have compiled the complete requirements document,finish_gathering
Ready to transition to the design phase,finish_gathering
All system requirements have been gathered,finish_gathering
Let's proceed with implementation planning,finish_gathering
I have specified all functional requirements,finish_gathering
Time to move to development,finish_gathering
All constraints and features documented,finish_gathering
Let's finalize the requirements and begin design,finish_gathering
I have provided the complete specification,finish_gathering
Ready to advance to the next project phase,finish_gathering
Requirements gathering is now complete,finish_gathering
Let's move forward with these documented needs,finish_gathering
All features have been clearly specified,finish_gathering
Time to start building based on these requirements,finish_gathering
I have documented everything thoroughly,finish_gathering
Let's proceed with the next stage,finish_gathering
All system requirements are finalized,finish_gathering
Ready to submit to the development team,finish_gathering
I believe we have everything we need now,finish_gathering
Let's conclude the requirements phase,finish_gathering
All specifications have been clearly defined,finish_gathering
Time to transition to implementation,finish_gathering
I have listed all necessary features and constraints,finish_gathering
Let's move to development planning,finish_gathering
Complete requirements specification is ready,finish_gathering
Ready to proceed with system design,finish_gathering
All requirements have been thoroughly documented,finish_gathering
Let's finalize and submit these specifications,finish_gathering
I have captured all the needed information,finish_gathering
Time to start the development phase,finish_gathering
All user requirements and system constraints listed,finish_gathering
Let's proceed with the next step,finish_gathering
I have provided comprehensive requirements,finish_gathering
Ready to hand off to development,finish_gathering
Requirements are complete and documented,finish_gathering
Let's move forward with these specifications,finish_gathering
All features and functionalities specified,finish_gathering
Time to begin system implementation,finish_gathering
I have detailed the complete system design requirements,finish_gathering
Let's conclude requirements gathering,finish_gathering
All necessary information has been collected,finish_gathering
Ready to advance to the development stage,finish_gathering
I believe the requirements are comprehensive,finish_gathering
Let's submit and proceed with development,finish_gathering
All system specifications are finalized,finish_gathering
Time to move to the next phase,finish_gathering
I have documented all necessary details,finish_gathering
Let's finalize the requirements list,finish_gathering
Complete specification ready for development,finish_gathering
Ready to transition to implementation,finish_gathering
All requirements have been carefully documented,finish_gathering
Let's proceed with system development,finish_gathering
I have provided all project specifications,finish_gathering
Time to begin the development process,finish_gathering
All constraints and features are documented,finish_gathering
Let's move forward with implementation,finish_gathering
Requirements documentation is complete,finish_gathering
Ready to hand to the development team,finish_gathering
All system needs have been specified,finish_gathering
Let's conclude this requirements phase,finish_gathering
I have captured everything needed,finish_gathering
Time to start building the system,finish_gathering
I want a login page,requirement
I want a search button,requirement
I want the background to be blue,requirement
I want users to be able to logout,requirement
I want a dashboard with charts,requirement
I want to export data to PDF,requirement
I want a fast response time,requirement
I want email notifications,requirement
I want to upload files,requirement
I want an admin panel,requirement
I want a dark mode option,requirement
I want to filter results by date,requirement
I want a payment gateway integration,requirement
I want the text to be bold,requirement
I want a mobile responsive design,requirement